filing_id,customer_id,period_start,period_end,vat_amount,nhil_amount,getfund_amount,withholding_tax_amount,filing_status
1,1,2016-01-01,2016-03-31,4518705.19,753117.53,753117.53,907936.48,Filed
2,1,2016-04-01,2016-06-30,19543.5,3257.25,3257.25,6514.5,Overdue
3,1,2016-07-01,2016-09-30,24218.1,4036.35,4036.35,8072.7,Overdue
4,1,2016-10-01,2016-12-31,2687862.52,447977.09,447977.09,542147.26,Filed
5,1,2017-01-01,2017-03-31,9261165.45,1543527.58,1543527.58,1852829.73,Filed
6,1,2017-04-01,2017-06-30,37043.1,6173.85,6173.85,12347.7,Filed
7,1,2017-07-01,2017-09-30,28352.25,4725.38,4725.38,9450.75,Filed
8,1,2017-10-01,2017-12-31,75062914.7,12510485.78,12510485.78,15025516.36,Filed
9,1,2018-01-01,2018-03-31,55314.0,9219.0,9219.0,18438.0,Overdue
10,1,2018-04-01,2018-06-30,1006894.13,167815.69,167815.69,212165.15,Filed
11,1,2018-07-01,2018-09-30,1364226.91,227371.15,227371.15,286606.86,Filed
12,1,2018-10-01,2018-12-31,760468.88,126744.81,126744.81,163313.48,Filed
13,1,2019-01-01,2019-03-31,2232772.89,372128.82,372128.82,459175.22,Filed
14,1,2019-04-01,2019-06-30,73236.6,12206.1,12206.1,24412.2,Filed
15,1,2019-07-01,2019-09-30,193209.75,32201.62,32201.62,64403.25,Overdue
16,1,2019-10-01,2019-12-31,927488.93,154581.49,154581.49,205843.91,Filed
17,1,2020-01-01,2020-03-31,4431197.34,738532.89,738532.89,903949.31,Filed
18,1,2020-04-01,2020-06-30,993894.38,165649.06,165649.06,210149.78,Filed
19,1,2020-07-01,2020-09-30,126239.85,21039.98,21039.98,42079.95,Filed
20,1,2020-10-01,2020-12-31,163095.75,27182.62,27182.62,54365.25,Filed
21,1,2021-01-01,2021-03-31,86539408.93,14423234.82,14423234.82,17343760.65,Filed
22,1,2021-04-01,2021-06-30,166834.8,27805.8,27805.8,55611.6,Overdue
23,1,2021-07-01,2021-09-30,1071260.96,178543.49,178543.49,230765.03,Filed
24,1,2021-10-01,2021-12-31,1031087.3,171847.88,171847.88,246933.04,Filed
25,1,2022-01-01,2022-03-31,2762826.31,460471.05,460471.05,575158.44,Filed
26,1,2022-04-01,2022-06-30,2265758.15,377626.36,377626.36,476806.09,Filed
27,1,2022-07-01,2022-09-30,1319952.87,219992.14,219992.14,299265.53,Overdue
28,1,2022-10-01,2022-12-31,909812.87,151635.48,151635.48,230513.37,Filed
29,1,2023-01-01,2023-03-31,1065525.1,177587.52,177587.52,257503.4,Filed
30,1,2023-04-01,2023-06-30,1338297.37,223049.56,223049.56,316659.97,Filed
31,1,2023-07-01,2023-09-30,8968246.56,1494707.76,1494707.76,1835709.91,Filed
32,1,2023-10-01,2023-12-31,368983.35,61497.23,61497.23,122994.45,Filed
33,1,2024-01-01,2024-03-31,654847.71,109141.28,109141.28,173386.24,Filed
34,1,2024-04-01,2024-06-30,1790686.27,298447.71,298447.71,410796.19,Filed
35,1,2024-07-01,2024-09-30,663990.59,110665.1,110665.1,176292.3,Filed
36,1,2024-10-01,2024-12-31,396072.45,66012.08,66012.08,132024.15,Filed
37,1,2025-01-01,2025-03-31,476897.4,79482.9,79482.9,158965.8,Overdue
38,1,2025-04-01,2025-06-30,9899405.54,1649900.92,1649900.92,2027405.19,Filed
39,1,2025-07-01,2025-09-30,799820.39,133303.4,133303.4,217538.04,Overdue
40,1,2025-10-01,2025-12-31,404842.95,67473.82,67473.82,134947.65,Filed
41,1,2026-01-01,2026-03-31,719611.2,119935.2,119935.2,239870.4,Filed
42,1,2026-04-01,2026-06-30,337638.15,56273.02,56273.02,112546.05,Filed
43,1,2026-07-01,2026-09-30,57972.6,9662.1,9662.1,19324.2,Pending
44,2,2016-07-01,2016-09-30,555963.27,92660.54,92660.54,115196.33,Filed
45,2,2016-10-01,2016-12-31,1062135.36,177022.56,177022.56,215580.79,Filed
46,2,2017-01-01,2017-03-31,72501427.5,12083571.25,12083571.25,14509635.54,Filed
47,2,2017-04-01,2017-06-30,780122.39,130020.4,130020.4,158258.28,Filed
48,2,2017-07-01,2017-09-30,758950.05,126491.68,126491.68,165290.49,Filed
49,2,2017-10-01,2017-12-31,114055.2,19009.2,19009.2,38018.4,Filed
50,2,2018-01-01,2018-03-31,810618.76,135103.13,135103.13,176071.23,Filed
51,2,2018-04-01,2018-06-30,5654084.1,942347.35,942347.35,1141107.96,Filed
52,2,2018-07-01,2018-09-30,2524695.57,420782.6,420782.6,531770.69,Filed
53,2,2018-10-01,2018-12-31,6766834.4,1127805.73,1127805.73,1371931.3,Filed
54,2,2019-01-01,2019-03-31,233801.55,38966.93,38966.93,77933.85,Filed
55,2,2019-04-01,2019-06-30,220102.2,36683.7,36683.7,73367.4,Filed
56,2,2019-07-01,2019-09-30,220730.4,36788.4,36788.4,73576.8,Filed
57,2,2019-10-01,2019-12-31,204934.95,34155.83,34155.83,68311.65,Filed
58,2,2020-01-01,2020-03-31,253849.95,42308.32,42308.32,84616.65,Filed
59,2,2020-04-01,2020-06-30,936341.84,156056.97,156056.97,200611.83,Filed
60,2,2020-07-01,2020-09-30,79918600.44,13319766.74,13319766.74,16003129.01,Filed
61,2,2020-10-01,2020-12-31,2059770.17,343295.03,343295.03,451760.37,Filed
62,2,2021-01-01,2021-03-31,209394.9,34899.15,34899.15,69798.3,Filed
63,2,2021-04-01,2021-06-30,260840.25,43473.38,43473.38,86946.75,Filed
64,2,2021-07-01,2021-09-30,366908.85,61151.48,61151.48,122302.95,Filed
65,2,2021-10-01,2021-12-31,276223.5,46037.25,46037.25,92074.5,Filed
66,2,2022-01-01,2022-03-31,247665.15,41277.52,41277.52,82555.05,Filed
67,2,2022-04-01,2022-06-30,1057464.88,176244.15,176244.15,250044.48,Filed
68,2,2022-07-01,2022-09-30,311665.05,51944.18,51944.18,103888.35,Filed
69,2,2022-10-01,2022-12-31,347313.6,57885.6,57885.6,115771.2,Filed
70,2,2023-01-01,2023-03-31,378647.1,63107.85,63107.85,126215.7,Filed
71,2,2023-04-01,2023-06-30,301088.25,50181.38,50181.38,100362.75,Filed
72,2,2023-07-01,2023-09-30,762928.09,127154.68,127154.68,181147.54,Overdue
73,2,2023-10-01,2023-12-31,735155.31,122525.88,122525.88,174575.08,Filed
74,2,2024-01-01,2024-03-31,290465.1,48410.85,48410.85,96821.7,Filed
75,2,2024-04-01,2024-06-30,249093.0,41515.5,41515.5,83031.0,Filed
76,2,2024-07-01,2024-09-30,1125798.97,187633.16,187633.16,269002.21,Filed
77,2,2024-10-01,2024-12-31,255342.15,42557.02,42557.02,85114.05,Filed
78,2,2025-01-01,2025-03-31,382883.4,63813.9,63813.9,127627.8,Filed
79,2,2025-04-01,2025-06-30,387509.85,64584.98,64584.98,129169.95,Filed
80,2,2025-07-01,2025-09-30,75800613.1,12633435.52,12633435.52,15194125.76,Filed
81,2,2025-10-01,2025-12-31,243220.5,40536.75,40536.75,81073.5,Filed
82,2,2026-01-01,2026-03-31,5918473.42,986412.24,986412.24,1234756.18,Filed
83,2,2026-04-01,2026-06-30,2962813.09,493802.18,493802.18,646833.76,Filed
84,2,2026-07-01,2026-09-30,540.0,90.0,90.0,180.0,Pending
85,3,2016-01-01,2016-03-31,1901248.31,316874.72,316874.72,386020.58,Filed
86,3,2016-04-01,2016-06-30,43002.0,7167.0,7167.0,14334.0,Filed
87,3,2016-07-01,2016-09-30,9325366.12,1554227.69,1554227.69,1865588.26,Filed
88,3,2016-10-01,2016-12-31,587195.29,97865.88,97865.88,127716.1,Filed
89,3,2017-01-01,2017-03-31,899066.4,149844.4,149844.4,184543.08,Filed
90,3,2017-04-01,2017-06-30,54259.65,9043.28,9043.28,18086.55,Filed
91,3,2017-07-01,2017-09-30,6492865.14,1082144.19,1082144.19,1311087.17,Filed
92,3,2017-10-01,2017-12-31,577570.9,96261.82,96261.82,119930.42,Filed
93,3,2018-01-01,2018-03-31,155268.0,25878.0,25878.0,51756.0,Filed
94,3,2018-04-01,2018-06-30,9009068.42,1501511.4,1501511.4,1818662.58,Overdue
95,3,2018-07-01,2018-09-30,96145.65,16024.28,16024.28,32048.55,Filed
96,3,2018-10-01,2018-12-31,3703613.99,617269.0,617269.0,754491.18,Filed
97,3,2019-01-01,2019-03-31,1055011.61,175835.27,175835.27,225570.92,Filed
98,3,2019-04-01,2019-06-30,213999.75,35666.62,35666.62,71333.25,Filed
99,3,2019-07-01,2019-09-30,151193.25,25198.88,25198.88,50397.75,Filed
100,3,2019-10-01,2019-12-31,77667958.77,12944659.8,12944659.8,15558330.53,Filed
101,3,2020-01-01,2020-03-31,268651.8,44775.3,44775.3,89550.6,Filed
102,3,2020-04-01,2020-06-30,226846.35,37807.72,37807.72,75615.45,Filed
103,3,2020-07-01,2020-09-30,321249.6,53541.6,53541.6,107083.2,Filed
104,3,2020-10-01,2020-12-31,359589.6,59931.6,59931.6,119863.2,Filed
105,3,2021-01-01,2021-03-31,2254858.19,375809.7,375809.7,474491.76,Filed
106,3,2021-04-01,2021-06-30,268126.2,44687.7,44687.7,89375.4,Filed
107,3,2021-07-01,2021-09-30,75175178.9,12529196.48,12529196.48,15077948.32,Filed
108,3,2021-10-01,2021-12-31,239711.85,39951.98,39951.98,79903.95,Filed
109,3,2022-01-01,2022-03-31,513422.1,85570.35,85570.35,122215.86,Filed
110,3,2022-04-01,2022-06-30,73468810.64,12244801.77,12244801.77,14730667.35,Filed
111,3,2022-07-01,2022-09-30,307598.85,51266.48,51266.48,102532.95,Filed
112,3,2022-10-01,2022-12-31,4796232.67,799372.11,799372.11,996196.99,Filed
113,3,2023-01-01,2023-03-31,254395.8,42399.3,42399.3,84798.6,Filed
114,3,2023-04-01,2023-06-30,946225.3,157704.22,157704.22,215451.56,Filed
115,3,2023-07-01,2023-09-30,272605.5,45434.25,45434.25,90868.5,Filed
116,3,2023-10-01,2023-12-31,372406.5,62067.75,62067.75,124135.5,Filed
117,3,2024-01-01,2024-03-31,281509.65,46918.28,46918.28,93836.55,Filed
118,3,2024-04-01,2024-06-30,1451165.61,241860.94,241860.94,320748.34,Filed
119,3,2024-07-01,2024-09-30,267972.75,44662.12,44662.12,89324.25,Filed
120,3,2024-10-01,2024-12-31,347384.25,57897.38,57897.38,115794.75,Filed
121,3,2025-01-01,2025-03-31,468491.4,78081.9,78081.9,156163.8,Filed
122,3,2025-04-01,2025-06-30,296662.5,49443.75,49443.75,98887.5,Filed
123,3,2025-07-01,2025-09-30,10001689.29,1666948.22,1666948.22,2037881.06,Filed
124,3,2025-10-01,2025-12-31,85140535.26,14190089.21,14190089.21,17087144.71,Filed
125,3,2026-01-01,2026-03-31,1326568.56,221094.76,221094.76,307014.19,Filed
126,3,2026-04-01,2026-06-30,341388.45,56898.08,56898.08,113796.15,Filed
127,3,2026-07-01,2026-09-30,10107.9,1684.65,1684.65,3369.3,Pending
128,4,2016-04-01,2016-06-30,2170805.76,361800.96,361800.96,434161.15,Filed
129,4,2016-07-01,2016-09-30,1334.25,222.38,222.38,444.75,Filed
130,4,2016-10-01,2016-12-31,31600.8,5266.8,5266.8,10533.6,Filed
131,4,2017-01-01,2017-03-31,4925.25,820.88,820.88,1641.75,Filed
132,4,2017-04-01,2017-06-30,7307050.88,1217841.81,1217841.81,1462677.26,Filed
133,4,2017-07-01,2017-09-30,32157.9,5359.65,5359.65,10719.3,Filed
134,4,2017-10-01,2017-12-31,19623.15,3270.52,3270.52,6541.05,Filed
135,4,2018-01-01,2018-03-31,1517504.67,252917.45,252917.45,308849.27,Filed
136,4,2018-04-01,2018-06-30,98860.95,16476.82,16476.82,32953.65,Filed
137,4,2018-07-01,2018-09-30,100305.9,16717.65,16717.65,33435.3,Filed
138,4,2018-10-01,2018-12-31,8603075.18,1433845.86,1433845.86,1723388.66,Filed
139,4,2019-01-01,2019-03-31,38952.9,6492.15,6492.15,12984.3,Overdue
140,4,2019-04-01,2019-06-30,56274.75,9379.12,9379.12,18758.25,Filed
141,4,2019-07-01,2019-09-30,54415.8,9069.3,9069.3,18138.6,Filed
142,4,2019-10-01,2019-12-31,93445.2,15574.2,15574.2,31148.4,Filed
143,4,2020-01-01,2020-03-31,126219.6,21036.6,21036.6,42073.2,Filed
144,4,2020-04-01,2020-06-30,396573.23,66095.54,66095.54,88568.03,Filed
145,4,2020-07-01,2020-09-30,107918.1,17986.35,17986.35,35972.7,Filed
146,4,2020-10-01,2020-12-31,113314.95,18885.82,18885.82,37771.65,Filed
147,4,2021-01-01,2021-03-31,115286.85,19214.48,19214.48,38428.95,Filed
148,4,2021-04-01,2021-06-30,62467.65,10411.28,10411.28,20822.55,Filed
149,4,2021-07-01,2021-09-30,1010324.96,168387.49,168387.49,211315.25,Filed
150,4,2021-10-01,2021-12-31,73282.95,12213.82,12213.82,24427.65,Filed
151,4,2022-01-01,2022-03-31,159218.55,26536.43,26536.43,53072.85,Filed
152,4,2022-04-01,2022-06-30,54495.45,9082.58,9082.58,18165.15,Overdue
153,4,2022-07-01,2022-09-30,65304.0,10884.0,10884.0,21768.0,Overdue
154,4,2022-10-01,2022-12-31,593378.26,98896.38,98896.38,124412.97,Filed
155,4,2023-01-01,2023-03-31,155567.25,25927.88,25927.88,51855.75,Filed
156,4,2023-04-01,2023-06-30,4591577.88,765262.98,765262.98,929078.92,Filed
157,4,2023-07-01,2023-09-30,5182465.66,863744.28,863744.28,1055621.49,Filed
158,4,2023-10-01,2023-12-31,4370158.03,728359.67,728359.67,904316.79,Filed
159,4,2024-01-01,2024-03-31,2251031.5,375171.92,375171.92,484725.26,Filed
160,4,2024-04-01,2024-06-30,207263.7,34543.95,34543.95,69087.9,Filed
161,4,2024-07-01,2024-09-30,1119007.09,186501.18,186501.18,257876.26,Filed
162,4,2024-10-01,2024-12-31,6128867.31,1021477.89,1021477.89,1251434.5,Filed
163,4,2025-01-01,2025-03-31,2197986.02,366331.0,366331.0,473834.4,Filed
164,4,2025-04-01,2025-06-30,350724.6,58454.1,58454.1,116908.2,Filed
165,4,2025-07-01,2025-09-30,220516.2,36752.7,36752.7,73505.4,Filed
166,4,2025-10-01,2025-12-31,783935.93,130655.99,130655.99,191849.57,Filed
167,4,2026-01-01,2026-03-31,136591.65,22765.28,22765.28,45530.55,Filed
168,4,2026-04-01,2026-06-30,322205.4,53700.9,53700.9,107401.8,Filed
169,5,2016-04-01,2016-06-30,529723.36,88287.23,88287.23,110007.27,Filed
170,5,2016-07-01,2016-09-30,21736.35,3622.73,3622.73,7245.45,Filed
171,5,2016-10-01,2016-12-31,1035.9,172.65,172.65,345.3,Filed
172,5,2017-04-01,2017-06-30,4478.4,746.4,746.4,1492.8,Filed
173,5,2017-07-01,2017-09-30,940720.66,156786.78,156786.78,188547.57,Filed
174,5,2017-10-01,2017-12-31,10123396.9,1687232.82,1687232.82,2026756.4,Filed
175,5,2018-01-01,2018-03-31,24322.5,4053.75,4053.75,8107.5,Overdue
176,5,2018-04-01,2018-06-30,5702.4,950.4,950.4,1900.8,Filed
177,5,2018-07-01,2018-09-30,43739.55,7289.92,7289.92,14579.85,Filed
178,5,2018-10-01,2018-12-31,50777.55,8462.93,8462.93,16925.85,Filed
179,5,2019-01-01,2019-03-31,25227.45,4204.58,4204.58,8409.15,Filed
180,5,2019-04-01,2019-06-30,873078.57,145513.09,145513.09,179392.01,Filed
181,5,2019-07-01,2019-09-30,56807.55,9467.93,9467.93,18935.85,Filed
182,5,2019-10-01,2019-12-31,29244.6,4874.1,4874.1,9748.2,Filed
183,5,2020-01-01,2020-03-31,23606.1,3934.35,3934.35,7868.7,Filed
184,5,2020-04-01,2020-06-30,51536.7,8589.45,8589.45,17178.9,Filed
185,5,2020-07-01,2020-09-30,122733.9,20455.65,20455.65,40911.3,Overdue
186,5,2020-10-01,2020-12-31,53476.2,8912.7,8912.7,17825.4,Overdue
187,5,2021-01-01,2021-03-31,1571760.88,261960.15,261960.15,329821.98,Filed
188,5,2021-04-01,2021-06-30,58525.65,9754.28,9754.28,19508.55,Filed
189,5,2021-07-01,2021-09-30,59265.0,9877.5,9877.5,19755.0,Filed
190,5,2021-10-01,2021-12-31,8690833.71,1448472.28,1448472.28,1750537.0,Filed
191,5,2022-01-01,2022-03-31,147802.5,24633.75,24633.75,49267.5,Filed
192,5,2022-04-01,2022-06-30,6769605.24,1128267.54,1128267.54,1368127.85,Filed
193,5,2022-07-01,2022-09-30,175005.0,29167.5,29167.5,58335.0,Filed
194,5,2022-10-01,2022-12-31,10858063.25,1809677.21,1809677.21,2181337.87,Filed
195,5,2023-01-01,2023-03-31,9157153.52,1526192.25,1526192.25,1864783.08,Overdue
196,5,2023-04-01,2023-06-30,151388.55,25231.43,25231.43,50462.85,Filed
197,5,2023-07-01,2023-09-30,5300209.22,883368.2,883368.2,1092820.38,Filed
198,5,2023-10-01,2023-12-31,112112.55,18685.42,18685.42,37370.85,Filed
199,5,2024-01-01,2024-03-31,1653429.45,275571.57,275571.57,345817.11,Filed
200,5,2024-04-01,2024-06-30,1200261.83,200043.64,200043.64,270228.05,Filed
201,5,2024-07-01,2024-09-30,524640.34,87440.06,87440.06,131461.69,Filed
202,5,2024-10-01,2024-12-31,195084.45,32514.08,32514.08,65028.15,Filed
203,5,2025-01-01,2025-03-31,245485.8,40914.3,40914.3,81828.6,Filed
204,5,2025-04-01,2025-06-30,2928629.81,488104.97,488104.97,622182.44,Filed
205,5,2025-07-01,2025-09-30,274430.7,45738.45,45738.45,91476.9,Filed
206,5,2025-10-01,2025-12-31,260249.4,43374.9,43374.9,86749.8,Filed
207,5,2026-01-01,2026-03-31,226022.4,37670.4,37670.4,75340.8,Filed
208,5,2026-04-01,2026-06-30,304848.45,50808.08,50808.08,101616.15,Filed
209,5,2026-07-01,2026-09-30,28573.2,4762.2,4762.2,9524.4,Pending
210,6,2016-07-01,2016-09-30,4420272.51,736712.09,736712.09,884054.5,Filed
211,6,2016-10-01,2016-12-31,513290.54,85548.42,85548.42,102703.59,Filed
212,6,2017-01-01,2017-03-31,80881.2,13480.2,13480.2,26960.4,Filed
213,6,2017-04-01,2017-06-30,6685.2,1114.2,1114.2,2228.4,Filed
214,6,2017-07-01,2017-09-30,13632.3,2272.05,2272.05,4544.1,Filed
215,6,2017-10-01,2017-12-31,4408.2,734.7,734.7,1469.4,Filed
216,6,2018-01-01,2018-03-31,55761.3,9293.55,9293.55,18587.1,Filed
217,6,2018-04-01,2018-06-30,12176.1,2029.35,2029.35,4058.7,Filed
218,6,2018-07-01,2018-09-30,8852.4,1475.4,1475.4,2950.8,Filed
219,6,2018-10-01,2018-12-31,1751.4,291.9,291.9,583.8,Filed
220,6,2019-01-01,2019-03-31,43029.0,7171.5,7171.5,14343.0,Filed
221,6,2019-04-01,2019-06-30,55269.0,9211.5,9211.5,18423.0,Filed
222,6,2019-07-01,2019-09-30,30941.1,5156.85,5156.85,10313.7,Filed
223,6,2019-10-01,2019-12-31,36366.3,6061.05,6061.05,12122.1,Filed
224,6,2020-01-01,2020-03-31,34203.6,5700.6,5700.6,11401.2,Filed
225,6,2020-04-01,2020-06-30,1241257.66,206876.28,206876.28,256261.77,Filed
226,6,2020-07-01,2020-09-30,916666.01,152777.67,152777.67,184053.44,Filed
227,6,2020-10-01,2020-12-31,15551.1,2591.85,2591.85,5183.7,Filed
228,6,2021-01-01,2021-03-31,85212.9,14202.15,14202.15,28404.3,Overdue
229,6,2021-04-01,2021-06-30,4292052.83,715342.14,715342.14,877714.37,Filed
230,6,2021-07-01,2021-09-30,40671.45,6778.58,6778.58,13557.15,Filed
231,6,2021-10-01,2021-12-31,104626.35,17437.73,17437.73,34875.45,Filed
232,6,2022-01-01,2022-03-31,77576.85,12929.48,12929.48,25858.95,Filed
233,6,2022-04-01,2022-06-30,89325.45,14887.58,14887.58,29775.15,Filed
234,6,2022-07-01,2022-09-30,109767.15,18294.53,18294.53,36589.05,Filed
235,6,2022-10-01,2022-12-31,1025352.6,170892.1,170892.1,222294.06,Filed
236,6,2023-01-01,2023-03-31,84138.75,14023.12,14023.12,28046.25,Filed
237,6,2023-04-01,2023-06-30,120579.3,20096.55,20096.55,40193.1,Filed
238,6,2023-07-01,2023-09-30,71944.65,11990.78,11990.78,23981.55,Filed
239,6,2023-10-01,2023-12-31,10720790.59,1786798.43,1786798.43,2166178.6,Filed
240,6,2024-01-01,2024-03-31,4241232.65,706872.11,706872.11,860503.33,Filed
241,6,2024-04-01,2024-06-30,125756.1,20959.35,20959.35,41918.7,Filed
242,6,2024-07-01,2024-09-30,88072.2,14678.7,14678.7,29357.4,Filed
243,6,2024-10-01,2024-12-31,92019.6,15336.6,15336.6,30673.2,Filed
244,6,2025-01-01,2025-03-31,104608.35,17434.73,17434.73,34869.45,Filed
245,6,2025-04-01,2025-06-30,1143814.12,190635.69,190635.69,256721.98,Filed
246,6,2025-07-01,2025-09-30,4641447.16,773574.53,773574.53,947976.69,Filed
247,6,2025-10-01,2025-12-31,6076945.09,1012824.18,1012824.18,1238270.8,Filed
248,6,2026-01-01,2026-03-31,206278.65,34379.78,34379.78,68759.55,Filed
249,6,2026-04-01,2026-06-30,136620.0,22770.0,22770.0,45540.0,Filed
250,6,2026-07-01,2026-09-30,19714.5,3285.75,3285.75,6571.5,Pending
251,7,2016-07-01,2016-09-30,1102782.88,183797.15,183797.15,222019.02,Filed
252,7,2016-10-01,2016-12-31,8930294.41,1488382.4,1488382.4,1788744.84,Filed
253,7,2017-01-01,2017-03-31,28324.8,4720.8,4720.8,9441.6,Filed
254,7,2017-04-01,2017-06-30,10531.35,1755.22,1755.22,3510.45,Filed
255,7,2017-07-01,2017-09-30,11219.4,1869.9,1869.9,3739.8,Filed
256,7,2017-10-01,2017-12-31,782806.62,130467.77,130467.77,159505.04,Overdue
257,7,2018-01-01,2018-03-31,108147.6,18024.6,18024.6,36049.2,Filed
258,7,2018-04-01,2018-06-30,46844.1,7807.35,7807.35,15614.7,Filed
259,7,2018-07-01,2018-09-30,362558.22,60426.37,60426.37,74356.94,Filed
260,7,2018-10-01,2018-12-31,978100.73,163016.79,163016.79,211118.87,Filed
261,7,2019-01-01,2019-03-31,777804.73,129634.12,129634.12,165559.35,Filed
262,7,2019-04-01,2019-06-30,67448.7,11241.45,11241.45,22482.9,Filed
263,7,2019-07-01,2019-09-30,119655.0,19942.5,19942.5,39885.0,Filed
264,7,2019-10-01,2019-12-31,117656.1,19609.35,19609.35,39218.7,Filed
265,7,2020-01-01,2020-03-31,46906.2,7817.7,7817.7,15635.4,Filed
266,7,2020-04-01,2020-06-30,71991.9,11998.65,11998.65,23997.3,Filed
267,7,2020-07-01,2020-09-30,54077.85,9012.98,9012.98,18025.95,Filed
268,7,2020-10-01,2020-12-31,65146.5,10857.75,10857.75,21715.5,Filed
269,7,2021-01-01,2021-03-31,2557093.71,426182.28,426182.28,528149.08,Filed
270,7,2021-04-01,2021-06-30,142161.3,23693.55,23693.55,47387.1,Filed
271,7,2021-07-01,2021-09-30,57337.2,9556.2,9556.2,19112.4,Filed
272,7,2021-10-01,2021-12-31,58831.65,9805.28,9805.28,19610.55,Filed
273,7,2022-01-01,2022-03-31,43794.0,7299.0,7299.0,14598.0,Filed
274,7,2022-04-01,2022-06-30,25007.4,4167.9,4167.9,8335.8,Filed
275,7,2022-07-01,2022-09-30,181677.6,30279.6,30279.6,60559.2,Filed
276,7,2022-10-01,2022-12-31,599668.39,99944.73,99944.73,127605.52,Filed
277,7,2023-01-01,2023-03-31,29339.1,4889.85,4889.85,9779.7,Filed
278,7,2023-04-01,2023-06-30,114627.6,19104.6,19104.6,38209.2,Filed
279,7,2023-07-01,2023-09-30,91024.2,15170.7,15170.7,30341.4,Filed
280,7,2023-10-01,2023-12-31,41663.7,6943.95,6943.95,13887.9,Filed
281,7,2024-01-01,2024-03-31,81705.6,13617.6,13617.6,27235.2,Filed
282,7,2024-04-01,2024-06-30,149735.7,24955.95,24955.95,49911.9,Filed
283,7,2024-07-01,2024-09-30,81067.95,13511.32,13511.32,27022.65,Filed
284,7,2024-10-01,2024-12-31,82042.2,13673.7,13673.7,27347.4,Filed
285,7,2025-01-01,2025-03-31,57664.8,9610.8,9610.8,19221.6,Filed
286,7,2025-04-01,2025-06-30,892328.79,148721.46,148721.46,204495.56,Filed
287,7,2025-07-01,2025-09-30,114178.95,19029.82,19029.82,38059.65,Filed
288,7,2025-10-01,2025-12-31,50430.6,8405.1,8405.1,16810.2,Filed
289,7,2026-01-01,2026-03-31,60480.9,10080.15,10080.15,20160.3,Filed
290,7,2026-04-01,2026-06-30,211256.55,35209.43,35209.43,70418.85,Filed
291,8,2016-10-01,2016-12-31,1514410.16,252401.69,252401.69,302882.03,Filed
292,8,2017-01-01,2017-03-31,1354188.09,225698.01,225698.01,271969.1,Overdue
293,8,2017-04-01,2017-06-30,1006561.22,167760.2,167760.2,205520.88,Filed
294,8,2017-07-01,2017-09-30,227183.2,37863.87,37863.87,95213.6,Filed
295,8,2017-10-01,2017-12-31,42030.9,7005.15,7005.15,14010.3,Filed
296,8,2018-01-01,2018-03-31,4693067.44,782177.91,782177.91,1842870.58,Filed
297,8,2018-04-01,2018-06-30,56259.0,9376.5,9376.5,18753.0,Filed
298,8,2018-07-01,2018-09-30,18091744.34,3015290.72,3015290.72,8555917.69,Filed
299,8,2018-10-01,2018-12-31,86226.75,14371.12,14371.12,28742.25,Filed
300,8,2019-01-01,2019-03-31,18201656.53,3033609.42,3033609.42,3666504.63,Filed
301,8,2019-04-01,2019-06-30,216657.0,36109.5,36109.5,72219.0,Filed
302,8,2019-07-01,2019-09-30,152073.45,25345.58,25345.58,50691.15,Filed
303,8,2019-10-01,2019-12-31,127249.2,21208.2,21208.2,42416.4,Filed
304,8,2020-01-01,2020-03-31,228102.3,38017.05,38017.05,76034.1,Filed
305,8,2020-04-01,2020-06-30,63447.75,10574.62,10574.62,21149.25,Filed
306,8,2020-07-01,2020-09-30,170803.35,28467.22,28467.22,56934.45,Filed
307,8,2020-10-01,2020-12-31,14066287.7,2344381.28,2344381.28,2917646.34,Overdue
308,8,2021-01-01,2021-03-31,154989.0,25831.5,25831.5,51663.0,Filed
309,8,2021-04-01,2021-06-30,609871.55,101645.26,101645.26,152782.87,Overdue
310,8,2021-07-01,2021-09-30,8710097.89,1451682.98,1451682.98,1766297.56,Filed
311,8,2021-10-01,2021-12-31,141507.9,23584.65,23584.65,47169.3,Filed
312,8,2022-01-01,2022-03-31,9613046.2,1602174.37,1602174.37,1955791.94,Filed
313,8,2022-04-01,2022-06-30,4533367.06,755561.18,755561.18,940109.79,Filed
314,8,2022-07-01,2022-09-30,8847951.19,1474658.53,1474658.53,1819783.66,Filed
315,8,2022-10-01,2022-12-31,1273053.56,212175.59,212175.59,289070.57,Filed
316,8,2023-01-01,2023-03-31,230058.45,38343.08,38343.08,76686.15,Filed
317,8,2023-04-01,2023-06-30,4955904.43,825984.07,825984.07,1032519.03,Filed
318,8,2023-07-01,2023-09-30,6372576.69,1062096.12,1062096.12,1320606.14,Filed
319,8,2023-10-01,2023-12-31,12164736.74,2027456.12,2027456.12,2482576.59,Filed
320,8,2024-01-01,2024-03-31,1126901.68,187816.95,187816.95,288581.88,Overdue
321,8,2024-04-01,2024-06-30,1212412.39,202068.73,202068.73,294746.86,Filed
322,8,2024-07-01,2024-09-30,4961100.77,826850.13,826850.13,1045654.41,Filed
323,8,2024-10-01,2024-12-31,3542797.23,590466.2,590466.2,762088.03,Filed
324,8,2025-01-01,2025-03-31,5339189.2,889864.87,889864.87,1174213.63,Filed
325,8,2025-04-01,2025-06-30,2330617.31,388436.22,388436.22,555729.51,Filed
326,8,2025-07-01,2025-09-30,543422.76,90570.46,90570.46,200274.78,Filed
327,8,2025-10-01,2025-12-31,6200755.71,1033459.29,1033459.29,1358973.77,Filed
328,8,2026-01-01,2026-03-31,675814.95,112635.83,112635.83,225271.65,Filed
329,8,2026-04-01,2026-06-30,837358.3,139559.72,139559.72,237914.12,Filed
330,8,2026-07-01,2026-09-30,152489.25,25414.88,25414.88,50829.75,Pending
331,9,2016-01-01,2016-03-31,1724564.26,287427.38,287427.38,344912.85,Filed
332,9,2016-04-01,2016-06-30,10311767.71,1718627.95,1718627.95,2072673.3,Filed
333,9,2016-07-01,2016-09-30,79244.1,13207.35,13207.35,26414.7,Filed
334,9,2016-10-01,2016-12-31,5230048.82,871674.8,871674.8,1068735.18,Filed
335,9,2017-01-01,2017-03-31,54086.4,9014.4,9014.4,18028.8,Filed
336,9,2017-04-01,2017-06-30,94563.0,15760.5,15760.5,31521.0,Filed
337,9,2017-07-01,2017-09-30,993756.1,165626.02,165626.02,224166.5,Overdue
338,9,2017-10-01,2017-12-31,110438.55,18406.42,18406.42,36812.85,Filed
339,9,2018-01-01,2018-03-31,10294614.75,1715769.12,1715769.12,2070956.25,Filed
340,9,2018-04-01,2018-06-30,184515.3,30752.55,30752.55,61505.1,Filed
341,9,2018-07-01,2018-09-30,16286281.53,2714380.26,2714380.26,3286827.07,Filed
342,9,2018-10-01,2018-12-31,5407224.13,901204.02,901204.02,1111265.97,Filed
343,9,2019-01-01,2019-03-31,184026.6,30671.1,30671.1,61342.2,Filed
344,9,2019-04-01,2019-06-30,280254.15,46709.02,46709.02,93418.05,Filed
345,9,2019-07-01,2019-09-30,3590109.84,598351.64,598351.64,740465.33,Filed
346,9,2019-10-01,2019-12-31,944247.05,157374.51,157374.51,214511.11,Filed
347,9,2020-01-01,2020-03-31,319592.7,53265.45,53265.45,106530.9,Filed
348,9,2020-04-01,2020-06-30,12429743.85,2071623.97,2071623.97,2512246.29,Filed
349,9,2020-07-01,2020-09-30,3833529.03,638921.51,638921.51,1439258.36,Filed
350,9,2020-10-01,2020-12-31,564943.36,94157.23,94157.23,147677.73,Filed
351,9,2021-01-01,2021-03-31,1945964.74,324327.46,324327.46,763773.43,Filed
352,9,2021-04-01,2021-06-30,438475.5,73079.25,73079.25,146158.5,Filed
353,9,2021-07-01,2021-09-30,10835083.9,1805847.32,1805847.32,2223128.6,Filed
354,9,2021-10-01,2021-12-31,1646980.4,274496.73,274496.73,509543.68,Filed
355,9,2022-01-01,2022-03-31,394560.0,65760.0,65760.0,131520.0,Filed
356,9,2022-04-01,2022-06-30,1083194.6,180532.43,180532.43,264448.48,Filed
357,9,2022-07-01,2022-09-30,2641955.84,440325.97,440325.97,600927.57,Filed
358,9,2022-10-01,2022-12-31,413776.35,68962.73,68962.73,137925.45,Filed
359,9,2023-01-01,2023-03-31,6942730.28,1157121.71,1157121.71,1585752.87,Filed
360,9,2023-04-01,2023-06-30,515227.05,85871.18,85871.18,171742.35,Overdue
361,9,2023-07-01,2023-09-30,1745608.93,290934.82,290934.82,416053.05,Filed
362,9,2023-10-01,2023-12-31,1272196.78,212032.8,212032.8,309053.52,Filed
363,9,2024-01-01,2024-03-31,1297148.44,216191.41,216191.41,338156.17,Filed
364,9,2024-04-01,2024-06-30,1508336.64,251389.44,251389.44,371093.87,Filed
365,9,2024-07-01,2024-09-30,7788295.75,1298049.29,1298049.29,1639928.15,Filed
366,9,2024-10-01,2024-12-31,779570.14,129928.36,129928.36,274054.37,Filed
367,9,2025-01-01,2025-03-31,589751.55,98291.92,98291.92,196583.85,Filed
368,9,2025-04-01,2025-06-30,5480831.55,913471.93,913471.93,1173639.99,Filed
369,9,2025-07-01,2025-09-30,1939349.3,323224.88,323224.88,674470.79,Overdue
370,9,2025-10-01,2025-12-31,1986585.68,331097.61,331097.61,573849.88,Filed
371,9,2026-01-01,2026-03-31,10818485.59,1803080.93,1803080.93,2247790.6,Filed
372,9,2026-04-01,2026-06-30,4711116.81,785186.13,785186.13,1040641.72,Filed
373,9,2026-07-01,2026-09-30,23036.4,3839.4,3839.4,7678.8,Pending
374,10,2016-01-01,2016-03-31,285844.37,47640.73,47640.73,57168.87,Filed
375,10,2016-04-01,2016-06-30,437690.45,72948.41,72948.41,93556.21,Filed
376,10,2016-07-01,2016-09-30,18903.6,3150.6,3150.6,6301.2,Filed
377,10,2016-10-01,2016-12-31,28250.1,4708.35,4708.35,9416.7,Filed
378,10,2017-01-01,2017-03-31,1329975.78,221662.63,221662.63,275590.06,Filed
379,10,2017-04-01,2017-06-30,1102010.2,183668.37,183668.37,221174.42,Filed
380,10,2017-07-01,2017-09-30,2664.45,444.08,444.08,888.15,Filed
381,10,2017-10-01,2017-12-31,38704.05,6450.68,6450.68,12901.35,Filed
382,10,2018-01-01,2018-03-31,91332.45,15222.08,15222.08,30444.15,Filed
383,10,2018-04-01,2018-06-30,1050176.49,175029.41,175029.41,213159.62,Filed
384,10,2018-07-01,2018-09-30,4382215.35,730369.22,730369.22,882075.39,Filed
385,10,2018-10-01,2018-12-31,103173.3,17195.55,17195.55,34391.1,Filed
386,10,2019-01-01,2019-03-31,17525.25,2920.88,2920.88,5841.75,Filed
387,10,2019-04-01,2019-06-30,126234.9,21039.15,21039.15,42078.3,Filed
388,10,2019-07-01,2019-09-30,20608.65,3434.78,3434.78,6869.55,Filed
389,10,2019-10-01,2019-12-31,60625.35,10104.22,10104.22,20208.45,Filed
390,10,2020-01-01,2020-03-31,34230.15,5705.02,5705.02,11410.05,Filed
391,10,2020-04-01,2020-06-30,297076.62,49512.77,49512.77,70752.08,Filed
392,10,2020-07-01,2020-09-30,56856.6,9476.1,9476.1,18952.2,Filed
393,10,2020-10-01,2020-12-31,28091.7,4681.95,4681.95,9363.9,Filed
394,10,2021-01-01,2021-03-31,132412.05,22068.68,22068.68,44137.35,Filed
395,10,2021-04-01,2021-06-30,82008.9,13668.15,13668.15,27336.3,Filed
396,10,2021-07-01,2021-09-30,63601.65,10600.28,10600.28,21200.55,Filed
397,10,2021-10-01,2021-12-31,74191.95,12365.32,12365.32,24730.65,Filed
398,10,2022-01-01,2022-03-31,549428.9,91571.48,91571.48,115709.38,Filed
399,10,2022-04-01,2022-06-30,88543.8,14757.3,14757.3,29514.6,Filed
400,10,2022-07-01,2022-09-30,48802.95,8133.83,8133.83,16267.65,Filed
401,10,2022-10-01,2022-12-31,107274.6,17879.1,17879.1,35758.2,Filed
402,10,2023-01-01,2023-03-31,44780.4,7463.4,7463.4,14926.8,Filed
403,10,2023-04-01,2023-06-30,77189.4,12864.9,12864.9,25729.8,Filed
404,10,2023-07-01,2023-09-30,121933.35,20322.23,20322.23,40644.45,Filed
405,10,2023-10-01,2023-12-31,438964.68,73160.78,73160.78,98997.7,Filed
406,10,2024-01-01,2024-03-31,401806.63,66967.77,66967.77,88748.73,Filed
407,10,2024-04-01,2024-06-30,100278.9,16713.15,16713.15,33426.3,Filed
408,10,2024-07-01,2024-09-30,119583.9,19930.65,19930.65,39861.3,Filed
409,10,2024-10-01,2024-12-31,650411.76,108401.96,108401.96,144681.85,Filed
410,10,2025-01-01,2025-03-31,210183.3,35030.55,35030.55,70061.1,Filed
411,10,2025-04-01,2025-06-30,378468.09,63078.02,63078.02,84642.74,Filed
412,10,2025-07-01,2025-09-30,197199.0,32866.5,32866.5,65733.0,Filed
413,10,2025-10-01,2025-12-31,87196.5,14532.75,14532.75,29065.5,Filed
414,10,2026-01-01,2026-03-31,54819.45,9136.58,9136.58,18273.15,Filed
415,10,2026-04-01,2026-06-30,113738.85,18956.48,18956.48,37912.95,Filed
416,10,2026-07-01,2026-09-30,3106.8,517.8,517.8,1035.6,Pending
417,11,2017-01-01,2017-03-31,340773.44,56795.57,56795.57,68154.69,Filed
418,11,2017-04-01,2017-06-30,615763.04,102627.17,102627.17,123152.61,Filed
419,11,2017-07-01,2017-09-30,65698.65,10949.78,10949.78,21899.55,Filed
420,11,2017-10-01,2017-12-31,27817.2,4636.2,4636.2,9272.4,Filed
421,11,2018-01-01,2018-03-31,16475.4,2745.9,2745.9,5491.8,Filed
422,11,2018-04-01,2018-06-30,29322.0,4887.0,4887.0,9774.0,Filed
423,11,2018-07-01,2018-09-30,15406.2,2567.7,2567.7,5135.4,Filed
424,11,2018-10-01,2018-12-31,57405.6,9567.6,9567.6,19135.2,Filed
425,11,2019-01-01,2019-03-31,594034.83,99005.8,99005.8,126357.49,Filed
426,11,2019-04-01,2019-06-30,213886.26,35647.71,35647.71,50302.33,Filed
427,11,2019-07-01,2019-09-30,740882.6,123480.43,123480.43,154992.4,Filed
428,11,2019-10-01,2019-12-31,66418.2,11069.7,11069.7,22139.4,Filed
429,11,2020-01-01,2020-03-31,56991.6,9498.6,9498.6,18997.2,Filed
430,11,2020-04-01,2020-06-30,93717.9,15619.65,15619.65,31239.3,Filed
431,11,2020-07-01,2020-09-30,75467.7,12577.95,12577.95,25155.9,Filed
432,11,2020-10-01,2020-12-31,91541.25,15256.88,15256.88,30513.75,Filed
433,11,2021-01-01,2021-03-31,78840.0,13140.0,13140.0,26280.0,Filed
434,11,2021-04-01,2021-06-30,543700.9,90616.82,90616.82,114683.18,Filed
435,11,2021-07-01,2021-09-30,117373.05,19562.18,19562.18,39124.35,Filed
436,11,2021-10-01,2021-12-31,29069.1,4844.85,4844.85,9689.7,Filed
437,11,2022-01-01,2022-03-31,427959.8,71326.63,71326.63,92261.56,Filed
438,11,2022-04-01,2022-06-30,63438.3,10573.05,10573.05,21146.1,Filed
439,11,2022-07-01,2022-09-30,804361.48,134060.25,134060.25,175582.98,Filed
440,11,2022-10-01,2022-12-31,84356.55,14059.42,14059.42,28118.85,Filed
441,11,2023-01-01,2023-03-31,119307.15,19884.53,19884.53,39769.05,Filed
442,11,2023-04-01,2023-06-30,52139.7,8689.95,8689.95,17379.9,Filed
443,11,2023-07-01,2023-09-30,147110.85,24518.48,24518.48,49036.95,Filed
444,11,2023-10-01,2023-12-31,183821.4,30636.9,30636.9,61273.8,Filed
445,11,2024-01-01,2024-03-31,1003929.47,167321.58,167321.58,210117.81,Overdue
446,11,2024-04-01,2024-06-30,49578.75,8263.12,8263.12,16526.25,Filed
447,11,2024-07-01,2024-09-30,110533.5,18422.25,18422.25,36844.5,Filed
448,11,2024-10-01,2024-12-31,140985.9,23497.65,23497.65,46995.3,Filed
449,11,2025-01-01,2025-03-31,174083.4,29013.9,29013.9,58027.8,Filed
450,11,2025-04-01,2025-06-30,160402.05,26733.68,26733.68,53467.35,Filed
451,11,2025-07-01,2025-09-30,101338.2,16889.7,16889.7,33779.4,Filed
452,11,2025-10-01,2025-12-31,122481.0,20413.5,20413.5,40827.0,Filed
453,11,2026-01-01,2026-03-31,156820.5,26136.75,26136.75,52273.5,Overdue
454,11,2026-04-01,2026-06-30,134129.25,22354.88,22354.88,44709.75,Filed
455,12,2019-07-01,2019-09-30,329202.38,54867.06,54867.06,65840.48,Filed
456,12,2019-10-01,2019-12-31,735.3,122.55,122.55,245.1,Filed
457,12,2020-04-01,2020-06-30,282903.1,47150.52,47150.52,61125.14,Filed
458,12,2020-07-01,2020-09-30,33621.3,5603.55,5603.55,11207.1,Filed
459,12,2020-10-01,2020-12-31,20689.65,3448.28,3448.28,6896.55,Filed
460,12,2021-01-01,2021-03-31,32522.4,5420.4,5420.4,10840.8,Filed
461,12,2021-04-01,2021-06-30,1217835.46,202972.58,202972.58,250063.05,Filed
462,12,2021-07-01,2021-09-30,277153.91,46192.32,46192.32,59990.3,Filed
463,12,2021-10-01,2021-12-31,2939.4,489.9,489.9,979.8,Filed
464,12,2022-01-01,2022-03-31,2344.95,390.83,390.83,781.65,Filed
465,12,2022-04-01,2022-06-30,42613.2,7102.2,7102.2,14204.4,Filed
466,12,2022-07-01,2022-09-30,84005.55,14000.92,14000.92,28001.85,Filed
467,12,2022-10-01,2022-12-31,611804.53,101967.42,101967.42,132554.07,Filed
468,12,2023-01-01,2023-03-31,39972.6,6662.1,6662.1,13324.2,Filed
469,12,2023-04-01,2023-06-30,46882.8,7813.8,7813.8,15627.6,Filed
470,12,2023-07-01,2023-09-30,100759.95,16793.32,16793.32,33586.65,Filed
471,12,2023-10-01,2023-12-31,98971.2,16495.2,16495.2,32990.4,Filed
472,12,2024-01-01,2024-03-31,187667.27,31277.88,31277.88,40531.29,Filed
473,12,2024-04-01,2024-06-30,22143.15,3690.52,3690.52,7381.05,Filed
474,12,2024-07-01,2024-09-30,82025.55,13670.92,13670.92,27341.85,Filed
475,12,2024-10-01,2024-12-31,63018.9,10503.15,10503.15,21006.3,Filed
476,12,2025-01-01,2025-03-31,45821.7,7636.95,7636.95,15273.9,Filed
477,12,2025-04-01,2025-06-30,18758.25,3126.38,3126.38,6252.75,Filed
478,12,2025-07-01,2025-09-30,376639.67,62773.28,62773.28,86093.79,Filed
479,12,2025-10-01,2025-12-31,73084.05,12180.68,12180.68,24361.35,Filed
480,12,2026-01-01,2026-03-31,97789.95,16298.32,16298.32,32596.65,Filed
481,12,2026-04-01,2026-06-30,21918.6,3653.1,3653.1,7306.2,Filed
482,13,2016-07-01,2016-09-30,725709.46,120951.58,120951.58,145141.89,Filed
483,13,2016-10-01,2016-12-31,31745.7,5290.95,5290.95,10581.9,Filed
484,13,2017-01-01,2017-03-31,790256.48,131709.41,131709.41,164856.56,Filed
485,13,2017-04-01,2017-06-30,14252.4,2375.4,2375.4,4750.8,Filed
486,13,2017-07-01,2017-09-30,24395.4,4065.9,4065.9,8131.8,Filed
487,13,2017-10-01,2017-12-31,66067.2,11011.2,11011.2,22022.4,Filed
488,13,2018-01-01,2018-03-31,36308.25,6051.38,6051.38,12102.75,Filed
489,13,2018-04-01,2018-06-30,70731.0,11788.5,11788.5,23577.0,Filed
490,13,2018-07-01,2018-09-30,13072.5,2178.75,2178.75,4357.5,Filed
491,13,2018-10-01,2018-12-31,370373.37,61728.9,61728.9,76148.39,Filed
492,13,2019-01-01,2019-03-31,130947.59,21824.6,21824.6,29064.72,Filed
493,13,2019-04-01,2019-06-30,61960.95,10326.83,10326.83,20653.65,Filed
494,13,2019-07-01,2019-09-30,56511.45,9418.58,9418.58,18837.15,Filed
495,13,2019-10-01,2019-12-31,53143.65,8857.28,8857.28,17714.55,Filed
496,13,2020-01-01,2020-03-31,28997.1,4832.85,4832.85,9665.7,Filed
497,13,2020-04-01,2020-06-30,60496.2,10082.7,10082.7,20165.4,Filed
498,13,2020-07-01,2020-09-30,333165.54,55527.59,55527.59,67669.91,Filed
499,13,2020-10-01,2020-12-31,69759.9,11626.65,11626.65,23253.3,Filed
500,13,2021-01-01,2021-03-31,17795.7,2965.95,2965.95,5931.9,Filed
501,13,2021-04-01,2021-06-30,58139.1,9689.85,9689.85,19379.7,Filed
502,13,2021-07-01,2021-09-30,13991.4,2331.9,2331.9,4663.8,Filed
503,13,2021-10-01,2021-12-31,45729.45,7621.58,7621.58,15243.15,Filed
504,13,2022-01-01,2022-03-31,347271.88,57878.65,57878.65,70905.12,Filed
505,13,2022-04-01,2022-06-30,79924.5,13320.75,13320.75,26641.5,Filed
506,13,2022-07-01,2022-09-30,30364.65,5060.78,5060.78,10121.55,Filed
507,13,2022-10-01,2022-12-31,30639.6,5106.6,5106.6,10213.2,Filed
508,13,2023-01-01,2023-03-31,40174.65,6695.78,6695.78,13391.55,Filed
509,13,2023-04-01,2023-06-30,1319616.97,219936.16,219936.16,266191.15,Overdue
510,13,2023-07-01,2023-09-30,99237.6,16539.6,16539.6,33079.2,Filed
511,13,2023-10-01,2023-12-31,155342.7,25890.45,25890.45,51780.9,Filed
512,13,2024-01-01,2024-03-31,417483.26,69580.54,69580.54,86078.99,Filed
513,13,2024-04-01,2024-06-30,411338.0,68556.33,68556.33,89445.04,Filed
514,13,2024-07-01,2024-09-30,97469.55,16244.92,16244.92,32489.85,Filed
515,13,2024-10-01,2024-12-31,149896.35,24982.72,24982.72,49965.45,Filed
516,13,2025-01-01,2025-03-31,155688.3,25948.05,25948.05,51896.1,Filed
517,13,2025-04-01,2025-06-30,95621.4,15936.9,15936.9,31873.8,Filed
518,13,2025-07-01,2025-09-30,88312.5,14718.75,14718.75,29437.5,Filed
519,13,2025-10-01,2025-12-31,133849.8,22308.3,22308.3,44616.6,Filed
520,13,2026-01-01,2026-03-31,44998.65,7499.78,7499.78,14999.55,Filed
521,13,2026-04-01,2026-06-30,21980.7,3663.45,3663.45,7326.9,Filed
522,13,2026-07-01,2026-09-30,17157.6,2859.6,2859.6,5719.2,Pending
523,14,2016-04-01,2016-06-30,925479.64,154246.61,154246.61,187115.53,Filed
524,14,2016-07-01,2016-09-30,5908.5,984.75,984.75,1969.5,Filed
525,14,2016-10-01,2016-12-31,1450.35,241.73,241.73,483.45,Filed
526,14,2017-01-01,2017-03-31,616.5,102.75,102.75,205.5,Filed
527,14,2017-04-01,2017-06-30,940275.99,156712.66,156712.66,191467.7,Filed
528,14,2017-07-01,2017-09-30,17872.2,2978.7,2978.7,5957.4,Filed
529,14,2017-10-01,2017-12-31,15021.45,2503.58,2503.58,5007.15,Filed
530,14,2018-01-01,2018-03-31,81751.5,13625.25,13625.25,27250.5,Filed
531,14,2018-04-01,2018-06-30,32848.2,5474.7,5474.7,10949.4,Filed
532,14,2018-07-01,2018-09-30,4251.6,708.6,708.6,1417.2,Filed
533,14,2018-10-01,2018-12-31,57424.5,9570.75,9570.75,19141.5,Filed
534,14,2019-01-01,2019-03-31,2344.5,390.75,390.75,781.5,Filed
535,14,2019-04-01,2019-06-30,41647.5,6941.25,6941.25,13882.5,Filed
536,14,2019-07-01,2019-09-30,969.3,161.55,161.55,323.1,Filed
537,14,2019-10-01,2019-12-31,23530.05,3921.68,3921.68,7843.35,Filed
538,14,2020-01-01,2020-03-31,27685.35,4614.23,4614.23,9228.45,Filed
539,14,2020-04-01,2020-06-30,6796.35,1132.73,1132.73,2265.45,Filed
540,14,2020-07-01,2020-09-30,45121.5,7520.25,7520.25,15040.5,Filed
541,14,2020-10-01,2020-12-31,34805.7,5800.95,5800.95,11601.9,Filed
542,14,2021-01-01,2021-03-31,3463.2,577.2,577.2,1154.4,Filed
543,14,2021-04-01,2021-06-30,42940.8,7156.8,7156.8,14313.6,Filed
544,14,2021-07-01,2021-09-30,6100568.61,1016761.43,1016761.43,1221658.9,Filed
545,14,2021-10-01,2021-12-31,13145.4,2190.9,2190.9,4381.8,Filed
546,14,2022-01-01,2022-03-31,27687.6,4614.6,4614.6,9229.2,Filed
547,14,2022-04-01,2022-06-30,388908.66,64818.11,64818.11,83811.13,Filed
548,14,2022-07-01,2022-09-30,48108.6,8018.1,8018.1,16036.2,Filed
549,14,2022-10-01,2022-12-31,576719.62,96119.94,96119.94,125905.48,Overdue
550,14,2023-01-01,2023-03-31,80226.9,13371.15,13371.15,26742.3,Filed
551,14,2023-04-01,2023-06-30,76973.85,12828.98,12828.98,25657.95,Overdue
552,14,2023-07-01,2023-09-30,70903.35,11817.22,11817.22,23634.45,Filed
553,14,2023-10-01,2023-12-31,17553.6,2925.6,2925.6,5851.2,Filed
554,14,2024-01-01,2024-03-31,70324.65,11720.78,11720.78,23441.55,Filed
555,14,2024-04-01,2024-06-30,84798.45,14133.08,14133.08,28266.15,Filed
556,14,2024-07-01,2024-09-30,15597.0,2599.5,2599.5,5199.0,Filed
557,14,2024-10-01,2024-12-31,57127.5,9521.25,9521.25,19042.5,Filed
558,14,2025-01-01,2025-03-31,47439.0,7906.5,7906.5,15813.0,Filed
559,14,2025-04-01,2025-06-30,5150983.73,858497.29,858497.29,1040776.73,Filed
560,14,2025-07-01,2025-09-30,46521.45,7753.58,7753.58,15507.15,Filed
561,14,2025-10-01,2025-12-31,45202.5,7533.75,7533.75,15067.5,Filed
562,14,2026-01-01,2026-03-31,81244.35,13540.72,13540.72,27081.45,Filed
563,14,2026-04-01,2026-06-30,1053563.33,175593.89,175593.89,230062.31,Filed
564,14,2026-07-01,2026-09-30,2082.6,347.1,347.1,694.2,Pending
565,15,2016-07-01,2016-09-30,1101096.51,183516.08,183516.08,220219.3,Filed
566,15,2016-10-01,2016-12-31,634.5,105.75,105.75,211.5,Filed
567,15,2017-01-01,2017-03-31,352913.62,58818.94,58818.94,76660.84,Filed
568,15,2017-04-01,2017-06-30,3497.85,582.98,582.98,1165.95,Overdue
569,15,2017-07-01,2017-09-30,10430.1,1738.35,1738.35,3476.7,Filed
570,15,2017-10-01,2017-12-31,10191.15,1698.52,1698.52,3397.05,Filed
571,15,2018-01-01,2018-03-31,45544.05,7590.68,7590.68,15181.35,Filed
572,15,2018-04-01,2018-06-30,2112.3,352.05,352.05,704.1,Filed
573,15,2018-07-01,2018-09-30,16360.2,2726.7,2726.7,5453.4,Filed
574,15,2018-10-01,2018-12-31,45661.5,7610.25,7610.25,15220.5,Filed
575,15,2019-01-01,2019-03-31,15848.1,2641.35,2641.35,5282.7,Filed
576,15,2019-04-01,2019-06-30,45576.45,7596.08,7596.08,15192.15,Overdue
577,15,2019-07-01,2019-09-30,10025958.06,1670993.01,1670993.01,2005937.77,Overdue
578,15,2019-10-01,2019-12-31,58401.0,9733.5,9733.5,19467.0,Filed
579,15,2020-01-01,2020-03-31,35878.05,5979.68,5979.68,11959.35,Filed
580,15,2020-04-01,2020-06-30,85663.35,14277.22,14277.22,28554.45,Filed
581,15,2020-07-01,2020-09-30,39229.2,6538.2,6538.2,13076.4,Filed
582,15,2020-10-01,2020-12-31,28905.75,4817.62,4817.62,9635.25,Filed
583,15,2021-01-01,2021-03-31,718696.29,119782.71,119782.71,148501.52,Filed
584,15,2021-04-01,2021-06-30,745310.48,124218.41,124218.41,156242.54,Filed
585,15,2021-07-01,2021-09-30,30925.8,5154.3,5154.3,10308.6,Filed
586,15,2021-10-01,2021-12-31,90443.25,15073.88,15073.88,30147.75,Filed
587,15,2022-01-01,2022-03-31,55846.8,9307.8,9307.8,18615.6,Filed
588,15,2022-04-01,2022-06-30,89758.35,14959.72,14959.72,29919.45,Filed
589,15,2022-07-01,2022-09-30,57147.3,9524.55,9524.55,19049.1,Filed
590,15,2022-10-01,2022-12-31,40125.6,6687.6,6687.6,13375.2,Filed
591,15,2023-01-01,2023-03-31,87186.15,14531.03,14531.03,29062.05,Filed
592,15,2023-04-01,2023-06-30,85765.5,14294.25,14294.25,28588.5,Filed
593,15,2023-07-01,2023-09-30,13722.3,2287.05,2287.05,4574.1,Filed
594,15,2023-10-01,2023-12-31,147078.45,24513.08,24513.08,49026.15,Filed
595,15,2024-01-01,2024-03-31,14337.0,2389.5,2389.5,4779.0,Filed
596,15,2024-04-01,2024-06-30,61805.7,10300.95,10300.95,20601.9,Filed
597,15,2024-07-01,2024-09-30,48297.15,8049.52,8049.52,16099.05,Filed
598,15,2024-10-01,2024-12-31,50253.3,8375.55,8375.55,16751.1,Filed
599,15,2025-01-01,2025-03-31,53556.3,8926.05,8926.05,17852.1,Filed
600,15,2025-04-01,2025-06-30,63674.55,10612.42,10612.42,21224.85,Filed
601,15,2025-07-01,2025-09-30,32471.55,5411.92,5411.92,10823.85,Filed
602,15,2025-10-01,2025-12-31,881303.14,146883.86,146883.86,181733.23,Filed
603,15,2026-01-01,2026-03-31,80082.0,13347.0,13347.0,26694.0,Filed
604,15,2026-04-01,2026-06-30,54811.35,9135.22,9135.22,18270.45,Filed
605,16,2016-01-01,2016-03-31,515121.37,85853.56,85853.56,103251.43,Filed
606,16,2016-04-01,2016-06-30,270908.83,45151.47,45151.47,54796.17,Filed
607,16,2016-07-01,2016-09-30,21370.5,3561.75,3561.75,7123.5,Filed
608,16,2016-10-01,2016-12-31,43336.35,7222.72,7222.72,14445.45,Filed
609,16,2017-01-01,2017-03-31,30010.5,5001.75,5001.75,10003.5,Filed
610,16,2017-04-01,2017-06-30,106542.0,17757.0,17757.0,35514.0,Filed
611,16,2017-07-01,2017-09-30,31143.15,5190.53,5190.53,10381.05,Filed
612,16,2017-10-01,2017-12-31,55943.1,9323.85,9323.85,18647.7,Filed
613,16,2018-01-01,2018-03-31,47311.2,7885.2,7885.2,15770.4,Filed
614,16,2018-04-01,2018-06-30,8958.6,1493.1,1493.1,2986.2,Filed
615,16,2018-07-01,2018-09-30,31014.9,5169.15,5169.15,10338.3,Filed
616,16,2018-10-01,2018-12-31,26353.8,4392.3,4392.3,8784.6,Filed
617,16,2019-01-01,2019-03-31,207669.57,34611.59,34611.59,41724.83,Filed
618,16,2019-04-01,2019-06-30,15363.9,2560.65,2560.65,5121.3,Filed
619,16,2019-07-01,2019-09-30,9673.65,1612.28,1612.28,3224.55,Filed
620,16,2019-10-01,2019-12-31,32774.85,5462.48,5462.48,10924.95,Filed
621,16,2020-01-01,2020-03-31,9684.0,1614.0,1614.0,3228.0,Filed
622,16,2020-04-01,2020-06-30,30157.2,5026.2,5026.2,10052.4,Filed
623,16,2020-07-01,2020-09-30,47873.7,7978.95,7978.95,15957.9,Filed
624,16,2020-10-01,2020-12-31,40626.0,6771.0,6771.0,13542.0,Filed
625,16,2021-01-01,2021-03-31,23880.6,3980.1,3980.1,7960.2,Filed
626,16,2021-04-01,2021-06-30,29709.0,4951.5,4951.5,9903.0,Filed
627,16,2021-07-01,2021-09-30,544333.23,90722.2,90722.2,113038.45,Filed
628,16,2021-10-01,2021-12-31,3074216.69,512369.45,512369.45,631075.5,Overdue
629,16,2022-01-01,2022-03-31,48119.85,8019.98,8019.98,16039.95,Filed
630,16,2022-04-01,2022-06-30,45333.0,7555.5,7555.5,15111.0,Filed
631,16,2022-07-01,2022-09-30,63105.75,10517.62,10517.62,21035.25,Filed
632,16,2022-10-01,2022-12-31,132619.95,22103.32,22103.32,44206.65,Filed
633,16,2023-01-01,2023-03-31,82589.4,13764.9,13764.9,27529.8,Filed
634,16,2023-04-01,2023-06-30,1034016.82,172336.14,172336.14,207331.24,Filed
635,16,2023-07-01,2023-09-30,87026.4,14504.4,14504.4,29008.8,Filed
636,16,2023-10-01,2023-12-31,317206.38,52867.73,52867.73,72308.14,Filed
637,16,2024-01-01,2024-03-31,105610.5,17601.75,17601.75,35203.5,Filed
638,16,2024-04-01,2024-06-30,240836.44,40139.41,40139.41,52209.37,Filed
639,16,2024-07-01,2024-09-30,265645.91,44274.32,44274.32,72652.46,Filed
640,16,2024-10-01,2024-12-31,100571.4,16761.9,16761.9,33523.8,Filed
641,16,2025-01-01,2025-03-31,347298.22,57883.04,57883.04,80670.46,Filed
642,16,2025-04-01,2025-06-30,133150.95,22191.82,22191.82,44383.65,Filed
643,16,2025-07-01,2025-09-30,323486.67,53914.45,53914.45,80308.37,Filed
644,16,2025-10-01,2025-12-31,152568.9,25428.15,25428.15,50856.3,Filed
645,16,2026-01-01,2026-03-31,133182.45,22197.08,22197.08,44394.15,Filed
646,16,2026-04-01,2026-06-30,107331.3,17888.55,17888.55,35777.1,Filed
647,17,2016-01-01,2016-03-31,2967531.87,494588.64,494588.64,593506.37,Filed
648,17,2016-04-01,2016-06-30,1782.0,297.0,297.0,594.0,Filed
649,17,2016-07-01,2016-09-30,15792.3,2632.05,2632.05,5264.1,Filed
650,17,2016-10-01,2016-12-31,2001.6,333.6,333.6,667.2,Filed
651,17,2017-04-01,2017-06-30,45911.25,7651.88,7651.88,15303.75,Filed
652,17,2017-07-01,2017-09-30,43671.6,7278.6,7278.6,14557.2,Filed
653,17,2017-10-01,2017-12-31,2689.2,448.2,448.2,896.4,Filed
654,17,2018-01-01,2018-03-31,258.75,43.12,43.12,86.25,Filed
655,17,2018-04-01,2018-06-30,9585.0,1597.5,1597.5,3195.0,Filed
656,17,2018-07-01,2018-09-30,556.2,92.7,92.7,185.4,Filed
657,17,2018-10-01,2018-12-31,2730.6,455.1,455.1,910.2,Filed
658,17,2019-01-01,2019-03-31,30893.4,5148.9,5148.9,10297.8,Filed
659,17,2019-07-01,2019-09-30,12479.4,2079.9,2079.9,4159.8,Filed
660,17,2019-10-01,2019-12-31,166814.68,27802.45,27802.45,33766.32,Filed
661,17,2020-01-01,2020-03-31,494.1,82.35,82.35,164.7,Filed
662,17,2020-04-01,2020-06-30,15328.8,2554.8,2554.8,5109.6,Filed
663,17,2020-07-01,2020-09-30,30693.6,5115.6,5115.6,10231.2,Filed
664,17,2020-10-01,2020-12-31,35923.5,5987.25,5987.25,11974.5,Filed
665,17,2021-01-01,2021-03-31,15967.8,2661.3,2661.3,5322.6,Overdue
666,17,2021-04-01,2021-06-30,2203.2,367.2,367.2,734.4,Filed
667,17,2021-07-01,2021-09-30,114266.7,19044.45,19044.45,23337.42,Filed
668,17,2021-10-01,2021-12-31,266322.41,44387.07,44387.07,55256.48,Filed
669,17,2022-01-01,2022-03-31,20578.5,3429.75,3429.75,6859.5,Filed
670,17,2022-04-01,2022-06-30,1785.15,297.53,297.53,595.05,Filed
671,17,2022-07-01,2022-09-30,60948.45,10158.08,10158.08,20316.15,Filed
672,17,2022-10-01,2022-12-31,109705.95,18284.32,18284.32,36568.65,Overdue
673,17,2023-01-01,2023-03-31,10693.8,1782.3,1782.3,3564.6,Filed
674,17,2023-04-01,2023-06-30,35179.2,5863.2,5863.2,11726.4,Filed
675,17,2023-07-01,2023-09-30,63475.2,10579.2,10579.2,21158.4,Filed
676,17,2023-10-01,2023-12-31,44747.1,7457.85,7457.85,14915.7,Filed
677,17,2024-01-01,2024-03-31,56187.45,9364.58,9364.58,18729.15,Filed
678,17,2024-04-01,2024-06-30,6073.2,1012.2,1012.2,2024.4,Filed
679,17,2024-07-01,2024-09-30,102654.9,17109.15,17109.15,34218.3,Filed
680,17,2024-10-01,2024-12-31,72722.25,12120.38,12120.38,24240.75,Filed
681,17,2025-01-01,2025-03-31,46776.6,7796.1,7796.1,15592.2,Filed
682,17,2025-04-01,2025-06-30,2931102.12,488517.02,488517.02,590009.3,Filed
683,17,2025-07-01,2025-09-30,34968.6,5828.1,5828.1,11656.2,Filed
684,17,2025-10-01,2025-12-31,58186.35,9697.72,9697.72,19395.45,Filed
685,17,2026-01-01,2026-03-31,36385.2,6064.2,6064.2,12128.4,Filed
686,17,2026-04-01,2026-06-30,126758.7,21126.45,21126.45,42252.9,Filed
687,18,2016-07-01,2016-09-30,249728.24,41621.37,41621.37,55266.63,Filed
688,18,2017-01-01,2017-03-31,8544.6,1424.1,1424.1,2848.2,Filed
689,18,2017-04-01,2017-06-30,9414.0,1569.0,1569.0,3138.0,Filed
690,18,2017-07-01,2017-09-30,544784.4,90797.4,90797.4,109015.32,Filed
691,18,2017-10-01,2017-12-31,564699.21,94116.54,94116.54,115027.0,Filed
692,18,2018-01-01,2018-03-31,955622.54,159270.42,159270.42,192940.35,Filed
693,18,2018-04-01,2018-06-30,103389.3,17231.55,17231.55,34463.1,Filed
694,18,2018-07-01,2018-09-30,67821.3,11303.55,11303.55,22607.1,Filed
695,18,2018-10-01,2018-12-31,25547.4,4257.9,4257.9,8515.8,Filed
696,18,2019-01-01,2019-03-31,52003.8,8667.3,8667.3,17334.6,Filed
697,18,2019-04-01,2019-06-30,305101.43,50850.24,50850.24,65856.11,Filed
698,18,2019-07-01,2019-09-30,476620.35,79436.73,79436.73,109105.83,Overdue
699,18,2019-10-01,2019-12-31,75859.2,12643.2,12643.2,25286.4,Filed
700,18,2020-01-01,2020-03-31,46556.1,7759.35,7759.35,15518.7,Filed
701,18,2020-04-01,2020-06-30,86826.6,14471.1,14471.1,28942.2,Filed
702,18,2020-07-01,2020-09-30,37195.2,6199.2,6199.2,12398.4,Filed
703,18,2020-10-01,2020-12-31,35967.6,5994.6,5994.6,11989.2,Filed
704,18,2021-01-01,2021-03-31,678898.38,113149.73,113149.73,154928.32,Filed
705,18,2021-04-01,2021-06-30,158973.3,26495.55,26495.55,52991.1,Filed
706,18,2021-07-01,2021-09-30,565221.23,94203.54,94203.54,116757.17,Filed
707,18,2021-10-01,2021-12-31,55375.65,9229.28,9229.28,18458.55,Filed
708,18,2022-01-01,2022-03-31,429098.26,71516.38,71516.38,104906.37,Filed
709,18,2022-04-01,2022-06-30,35536.95,5922.83,5922.83,11845.65,Filed
710,18,2022-07-01,2022-09-30,108918.9,18153.15,18153.15,36306.3,Filed
711,18,2022-10-01,2022-12-31,621138.27,103523.04,103523.04,135012.89,Filed
712,18,2023-01-01,2023-03-31,1182218.95,197036.49,197036.49,251793.89,Filed
713,18,2023-04-01,2023-06-30,141348.6,23558.1,23558.1,47116.2,Filed
714,18,2023-07-01,2023-09-30,87335.55,14555.92,14555.92,29111.85,Filed
715,18,2023-10-01,2023-12-31,243677.12,40612.85,40612.85,62916.18,Filed
716,18,2024-01-01,2024-03-31,75734.1,12622.35,12622.35,25244.7,Filed
717,18,2024-04-01,2024-06-30,842721.85,140453.64,140453.64,188112.53,Filed
718,18,2024-07-01,2024-09-30,153477.0,25579.5,25579.5,51159.0,Overdue
719,18,2024-10-01,2024-12-31,194898.6,32483.1,32483.1,64966.2,Filed
720,18,2025-01-01,2025-03-31,479849.7,79974.95,79974.95,124902.9,Filed
721,18,2025-04-01,2025-06-30,214550.55,35758.43,35758.43,71516.85,Filed
722,18,2025-07-01,2025-09-30,173144.7,28857.45,28857.45,57714.9,Filed
723,18,2025-10-01,2025-12-31,168012.45,28002.08,28002.08,56004.15,Filed
724,18,2026-01-01,2026-03-31,363816.9,60636.15,60636.15,94383.48,Filed
725,18,2026-04-01,2026-06-30,269459.55,44909.92,44909.92,89819.85,Filed
726,18,2026-07-01,2026-09-30,14206.5,2367.75,2367.75,4735.5,Pending
